kab_kota,nama_tempat,rating,jumlah_ulasan,kategori,latitude,longitude
pontianak,Dapoer Nusantara Pontianak,4.8,178.0,halal,-0.0494883,109.3367327
pontianak,Rumah Makan Selera Anda,4.4,731.0,halal,-0.0385948,109.3420288
pontianak,Pondok Cafe & Resto,4.1,841.0,halal,-0.0393966,109.3434021
pontianak,Restoran & Istana Kue Cita Rasa,4.4,622.0,halal,-0.029,109.3404218
pontianak,Restoran Hello Chick-in,4.4,705.0,halal,-0.0419119,109.3450684
pontianak,TeraSky Restaurant,4.5,470.0,halal,-0.0357589,109.344424
pontianak,Kwecap VETERAN (Non Halal),4.5,731.0,non-halal,-0.0418145,109.3445278
pontianak,Restoran Pondok Terapung,4.6,887.0,halal,-0.0474422,109.3597434
pontianak,Aneka Rasa,4.3,492.0,halal,-0.0241667,109.3292162
pontianak,Rumah Makan Melda,4.4,439.0,halal,-0.0404712,109.3484318
pontianak,NASI AKWANG,4.5,986.0,non-halal,-0.0403689,109.3471917
pontianak,Hore Crab,4.5,744.0,halal,-0.0304926,109.3264878
pontianak,Rumah Makan Arema,4.5,243.0,halal,-0.0250929,109.338201
pontianak,Rumah Makan Annisa,4.1,967.0,halal,-0.028212,109.338468
pontianak,RM RIZQI Tanray2 - Rumah Makan Enak dan Murah Pontianak,4.4,60.0,halal,-0.0494138,109.369759
pontianak,Rumah Makan Sahara,4.4,366.0,halal,-0.0288577,109.343775
pontianak,Terrazza Steak House Pontianak,4.4,799.0,halal,-0.050402,109.344206
pontianak,Warung Padi,4.2,546.0,halal,-0.0421583,109.3239685
pontianak,Cita Rasa,4.4,69.0,halal,-0.036185,109.332298
pontianak,RM Salido,4.6,823.0,halal,-0.0377002,109.3305869
pontianak,YoookkmakandiRumah,4.5,384.0,halal,-0.0334198,109.3267886
pontianak,Rumah Makan Jawi Ria,4.1,816.0,halal,-0.0188837,109.326778
pontianak,BEBEK BEKAES,4.5,706.0,halal,-0.04251,109.330851
pontianak,Rumah Makan Melayu Cahaya Mata,4.4,106.0,halal,-0.0257817,109.3265608
pontianak,Rumah Makan Mery,4.7,141.0,halal,-0.0541542,109.3351587
pontianak,Rumah Makan Bujang DAGOL,4.4,57.0,halal,-0.0173433,109.3629326
pontianak,Kwetiaw Appolo,4.4,69.0,halal,-0.0261802,109.338286
pontianak,Nasi Ayam Asan 333,4.4,794.0,halal,-0.0299207,109.3381213
pontianak,WARUNG MAKAN Rumah Kaca 55,4.4,260.0,halal,-0.0180279,109.3314214
pontianak,Pal 5 Wisata Kuliner,4.0,376.0,halal,-0.0300056,109.2887692
pontianak,RM Campago,4.0,186.0,halal,-0.0364819,109.3470372
pontianak,Rumah Makan Keramba,4.5,105.0,halal,-0.0405529,109.3225634
pontianak,Rumah Makan Suib,4.2,308.0,halal,-0.0258739,109.3381238
pontianak,RM Suramadu,4.3,157.0,halal,-0.0376974,109.3473599
pontianak,Masakan Jawa,4.6,305.0,halal,-0.0595407,109.3653574
pontianak,Warung Kopi Hijas,4.3,598.0,halal,-0.0370846,109.3437421
pontianak,Ayam Goreng Remaja,4.3,656.0,halal,-0.0288159,109.3406395
pontianak,Amanah Bakso Pontianak,4.3,237.0,halal,-0.0371858,109.3313769
pontianak,Oukie Bakmie Kepiting,4.4,805.0,non-halal,-0.024448,109.339545
pontianak,Restoran shabu shabu Red Blossom,4.3,77.0,halal,-0.0500625,109.3483125
pontianak,American Fried Chicken,4.3,847.0,halal,-0.029038,109.34029
pontianak,Akira Donburi Japanese Food,4.6,565.0,halal,-0.0263305,109.3190332
pontianak,Ayam Venus,4.3,822.0,halal,-0.0320563,109.3639978
pontianak,Mamalisa Pontianak,4.6,193.0,halal,-0.0539615,109.3137606
pontianak,Rumah Makan Pantai Utara,4.6,14.0,halal,-0.0349186,109.3560793
pontianak,Periuk,4.4,900.0,halal,-0.1017019,109.3850897
pontianak,Rumah Makan Anugrah,4.8,24.0,halal,-0.0156067,109.3297854
pontianak,Siomay AA Pontianak,5.0,44.0,halal,-0.0357015,109.3289845
pontianak,Rumah Makan Aderase,4.5,31.0,halal,-0.0485155,109.3574193
pontianak,MM Vegetarian Foods,4.6,204.0,halal,-0.0325782,109.3410105
pontianak,Rumah Makan Beringin,4.4,232.0,halal,-0.0422088,109.3240805
pontianak,Mukbang Korean Food,4.3,549.0,non-halal,-0.0286913,109.33462
pontianak,Rumah Makan Abdillah Family,4.6,11.0,halal,-0.0644256,109.3136196
pontianak,Rumah Makan Beringin,4.5,102.0,halal,-0.028788,109.339758
pontianak,Solaria - Ayani Megamall Pontianak,4.2,994.0,halal,-0.0514487,109.3454893
singkawang,Pondok koko,4.8,43.0,halal,0.8920204,108.9774831
singkawang,IKAN BAKAR BANG IAN KUALE,4.3,748.0,non-halal,0.916111,108.9794485
singkawang,Warung Laut by Condong Square,4.5,949.0,halal,0.8982867,108.9802773
singkawang,Bakmi ALOI Singkawang,4.7,482.0,non-halal,0.9047308,108.9914418
singkawang,Choi Pan Tho Ce,4.6,965.0,halal,0.9105629,108.9902423
singkawang,de SATE - Tempat makan enak di singkawang,4.4,336.0,halal,0.9041912,108.9845268
singkawang,Spot Cafe Singkawang,4.2,82.0,halal,0.8981191,108.975706
singkawang,Rumah Makan Ayam Ulakan,4.2,409.0,halal,0.9008966,108.9778679
singkawang,Rumah Makan Dapur Kita,4.7,49.0,halal,0.9094339,108.9811517
singkawang,Bubur Gunting Asun,4.6,312.0,halal,0.9058928,108.9821947
singkawang,Rumah Makan Along,4.0,64.0,halal,0.9060073,108.9887466
singkawang,Bubur Pekong,4.4,498.0,halal,0.9094154,108.9887883
singkawang,DEUSEYO KOREAN BBQ & JJIGAE Singkawang,4.9,374.0,non-halal,0.8976937,108.9704529
singkawang,Bebek boedjang singkawang,4.8,475.0,halal,0.9021356,108.9793551
singkawang,Pujarasa Singkawang,4.5,146.0,halal,0.9048637,109.002799
singkawang,Pondok Lezat Singkawang,4.6,49.0,halal,0.8995742,108.9813476
singkawang,Nasi Campur ALIONG Singkawang,4.6,448.0,non-halal,0.9053711,108.9907791
singkawang,Rumah Makan Ayam Ulekan Singkawang,4.1,501.0,halal,0.9141017,108.9924912
singkawang,Grillme Singkawang,4.5,455.0,halal,0.902345,108.9795586
singkawang,Rumah Makan melayu,4.3,42.0,halal,0.9195169,108.9845091
singkawang,Pondok Lobster Singkawang,4.4,81.0,halal,0.8976136,108.9846518
singkawang,Rumah Makan Awam,4.6,247.0,halal,0.9076179,108.9877858
singkawang,Rumah Makan Bulai,4.5,288.0,halal,0.9063683,108.9901798
singkawang,Rumah makan 925,4.6,54.0,halal,0.9085945,108.9751764
singkawang,Kedai Rindu Rasa,4.3,342.0,halal,0.901728,108.9739096
singkawang,Rumah Makan Vegetarian Berkah Kita,4.7,170.0,halal,0.9096454,108.9806944
singkawang,Pojok Pramuka,4.6,238.0,halal,0.9120198,108.9956802
singkawang,PONDOK IKAN BAKAR,4.3,581.0,non-halal,0.8914036,108.9674043
singkawang,Nasi Campur Asiat Singkawang,4.9,41.0,non-halal,0.905505,108.9908527
singkawang,Warung Nasi Hawati,4.5,93.0,halal,0.8988219,108.9721107
singkawang,Rumah Makan Simpang Tigo,4.6,14.0,halal,0.9042876,108.9894875
singkawang,Kampung Batu Villa & Resto,4.3,360.0,halal,0.890919,108.973501
singkawang,Bakso Sapi Bakmi Ayam 68,4.2,984.0,halal,0.9088822,108.9879189
singkawang,Rumah Makan Dangau,4.1,304.0,halal,0.8932252,108.9716509
singkawang,Rumah Makan Roda Beringin,4.4,207.0,halal,0.9100519,108.9886026
singkawang,Dominic Coffe & Eatery,4.5,115.0,halal,0.8984081,108.9696898
singkawang,Rumah Makan Garuda Minang,4.3,302.0,halal,0.9097987,108.9796052
singkawang,Restoran Vegetarian Maitreya,4.6,530.0,halal,0.9078053,108.984554
singkawang,RM VEGETARIAN DIET SEHAT,4.3,232.0,halal,0.9098011,108.9861678
singkawang,Pondok Firdaus,4.2,449.0,halal,0.8919698,108.9658678
singkawang,Rumah Makan 889,4.1,279.0,halal,0.9079309,108.9831772
singkawang,Rumah Makan Lie Phin,4.1,180.0,halal,0.9131111,108.9817059
singkawang,Singkawang Dimsum Cuisine,4.8,19.0,non-halal,0.9074526,108.9872458
singkawang,Golden Pot Singkawang,4.7,19.0,halal,0.9068185,108.9805521
singkawang,Rumah Makan Pondok Minang,4.0,138.0,halal,0.88916,108.9601022
singkawang,RUMAH MAKAN AKU,4.7,51.0,halal,0.8796065,108.9906899
singkawang,Bubur jieku singkawang,4.5,269.0,halal,0.9113748,108.9876574
singkawang,Nasi Campur Hin Thong,4.3,435.0,non-halal,0.9073936,108.9890783
singkawang,captn burgerbar,4.6,107.0,non-halal,0.8966485,108.9800133
singkawang,Sarapan Pagi Samping Hotel Singkawang,4.4,17.0,halal,0.9097125,108.9886406
singkawang,Warkop RUSEN Kopitiam,4.4,891.0,halal,0.9095921,108.9892087
singkawang,Restoran Seafood,4.4,28.0,halal,0.9081398,108.9917548
singkawang,PONDOK PAK NUR,4.8,25.0,halal,0.9146219,108.9816931
singkawang,Rumah Makan 188,4.2,177.0,halal,0.9084919,108.9823097
singkawang,Pondok Seafood Thailand,4.7,157.0,halal,0.8709687,108.9371899
singkawang,Restoran hengky,4.2,315.0,halal,0.907769,108.9878908
singkawang,Rumah Makan Sate Wak Wak Kak long,4.5,28.0,halal,0.9169109,108.9831052
singkawang,Mie Ayam & Bakso Muntjul - Singkawang,4.8,630.0,halal,0.9098316,108.9977481
singkawang,Restoran Ala Thai,4.3,559.0,halal,0.9039196,108.9890276
singkawang,Mie Ashuk Kwetiau Goreng Terkenal Di Singkawang,4.3,647.0,halal,0.913284,108.9842939
singkawang,RM Garuda Minang,4.3,172.0,halal,0.905874,108.9897847
singkawang,Rujak Thai Phui Jie,4.2,928.0,halal,0.9085201,108.9897359
singkawang,Sahabat Seafood Singkawang,4.4,16.0,halal,0.89364,108.9726219
singkawang,Warung Atap Singkawang,4.1,15.0,halal,0.9153398,108.9828407
singkawang,Rumah Makan Shalom,4.5,11.0,non-halal,0.9199012,108.9846677
singkawang,Rumah Makan Nasi Campur Aroma 2,4.5,31.0,non-halal,0.9064121,108.9884477
singkawang,Rumah Makan Barokah,4.1,53.0,non-halal,0.8954462,108.9869999
singkawang,Rumah Makan Sop Ikan Kering & Rujak Buah Choipan Kukus,4.6,15.0,halal,0.9010676,108.9795268
singkawang,Bakso Sapi 21 Singkawang,4.5,456.0,halal,0.9080749,108.9890651
singkawang,Rumah Rawon IBU,4.3,53.0,halal,0.9007047,108.9761741
singkawang,Rumah Makan 66,4.3,13.0,halal,0.9071043,108.9779964
singkawang,Rumah Makan KAI KUNG,4.8,15.0,halal,0.9017009,108.9885748
singkawang,KiBae House Singkawang,4.0,92.0,halal,0.8920925,108.9716191
singkawang,Rumah Makan 688,4.6,20.0,halal,0.9062655,108.9880662
singkawang,Pondok Makan Agus Pantun,4.5,14.0,halal,0.8900093,108.97804
singkawang,RM 988 AFEN,4.3,52.0,halal,0.9022516,108.9880055
singkawang,Bubur Nasi Kak Ani,4.6,118.0,halal,0.9068476,108.9881328
singkawang,Rocket chicken singkawang new,4.4,90.0,halal,0.906906,109.0016311
singkawang,RM. SANDY,4.5,127.0,halal,0.9026095,108.9882605
singkawang,SATE KAMBING MUDA SINGKAWANG,4.2,82.0,halal,0.9254894,109.0037876
singkawang,Kuale seafood,4.4,20.0,halal,0.9126747,108.9856866
singkawang,Rumah Makan Soto Ableh,4.4,172.0,halal,0.8944321,108.9757003
singkawang,Mie Kering Dian,4.2,186.0,halal,0.910871,108.9878837
singkawang,RM Mitra Minang,4.2,313.0,halal,0.8921284,108.9653323
singkawang,RM.Simpang Raya Masakan Padang,4.4,30.0,halal,0.9097806,108.9907786
singkawang,Pasar Hongkong Singkawang,4.5,496.0,halal,0.9095596,108.9893411
singkawang,Mr. Spice,4.4,92.0,halal,0.9008933,108.9792365
singkawang,Nasi Campur KONG FU FUI,4.6,18.0,non-halal,0.9097923,108.9906123
singkawang,Warkop Nikmat,4.5,679.0,halal,0.9088991,108.9886826
singkawang,Bang Bento,4.6,15.0,halal,0.901964,108.9745088
singkawang,Bakmie Afung Singkawang,4.6,65.0,non-halal,0.908128,108.9757238
singkawang,Warung Sanur Singkawang,4.8,10.0,halal,0.9009034,108.9793213
singkawang,Leon Coffee,4.5,44.0,halal,0.9113685,108.9894789
singkawang,Warung Gado-Gado Omseh,4.4,17.0,halal,0.8945189,108.9769332
singkawang,Rumah Makan Acc Masakan Padang,4.1,60.0,halal,0.9006403,108.9864233
singkawang,Bakso Sapi 22 Kuala,4.5,161.0,halal,0.915692,108.9795775
singkawang,Bakso Malang Presiden D Pikul,4.7,71.0,halal,0.8919902,108.9668466
singkawang,Bakmi Hijau Sawi,4.6,74.0,non-halal,0.8909328,108.9620813
singkawang,Ayam Gepuk Pak Gembus Singkawang,4.5,183.0,halal,0.9089319,108.9910545
singkawang,Warung Mas Bejo Mie Ayam &bakso Solo,4.3,369.0,halal,0.9212201,108.9877695
singkawang,Bakso Rudal H. Suyadi,4.5,49.0,halal,0.9092387,108.9917609
singkawang,Sushinyekite,4.0,48.0,halal,0.8934495,108.9810829
singkawang,Batagor Bandung H. Ade,4.2,160.0,halal,0.9160642,108.9906736
kubu raya,Rumah Makan Pondok 17,4.9,140.0,halal,-0.0362929,109.4627351
kubu raya,Periuk,4.4,900.0,halal,-0.1017019,109.3850897
kubu raya,Kampung WAHSAWAH,4.5,59.0,halal,-0.0775904,109.2265083
kubu raya,Cen-Cen,4.6,388.0,halal,-0.0860316,109.3720779
kubu raya,Bakmie Ahien,4.6,101.0,non-halal,-0.086972,109.3826513
kubu raya,Rumah Makan Melda Serdam,4.4,655.0,halal,-0.0786254,109.3561491
kubu raya,Saung Sunda,4.8,29.0,halal,-0.3483856,109.2884222
kubu raya,Rumah Makan Siang Malam,4.3,317.0,halal,-0.1377484,109.4099612
kubu raya,Bakmie Batara Anyen,4.6,730.0,non-halal,-0.0758993,109.3582132
kubu raya,Warung Dangau,4.2,278.0,halal,-0.0900176,109.372614
kubu raya,Rumah Makan Vegetarian Thung Xin,4.6,154.0,halal,-0.0780269,109.3829139
kubu raya,Restoran Pondok Wisata Seafood,4.2,277.0,halal,-0.0567127,109.1886419
kubu raya,Sate Padang Uda Jhon Serdam,4.8,95.0,halal,-0.0826273,109.3535735
kubu raya,Rumah Makan Vegetarian Dari hati,4.7,29.0,halal,-0.0777317,109.3815374
kubu raya,A&W Restoran - Gaia Bumi Raya City,4.5,54.0,halal,-0.0773106,109.3687905
kubu raya,Rumah Makan Kak Eli,4.4,71.0,halal,-0.0995791,109.3882187
kubu raya,Coffee Muare Kakap,4.3,107.0,halal,-0.0634304,109.1766364
kubu raya,RM Ayam Bakar Ibu Nasuha,4.6,350.0,non-halal,-0.0685127,109.2986704
kubu raya,Teras Kuliner,4.4,25.0,halal,-0.1041354,109.3916118
kubu raya,Nasi Akwang (Arteri Supadio),4.4,758.0,halal,-0.088006,109.3707226
kubu raya,Kedai Vegetarian Cita Rasa,4.5,35.0,halal,-0.072079,109.368933
kubu raya,Holycow! STEAKHOUSE By Chef Afit,4.1,81.0,non-halal,-0.0769898,109.3687929
kubu raya,RM Bungo Elok,4.1,221.0,halal,-0.0714225,109.3606111
kubu raya,Warung Makan Kuala Dua Pak Eko,4.1,322.0,halal,-0.1509038,109.4149723
kubu raya,Rumah Makan Simpang Ampek.,4.2,176.0,halal,-0.0679031,109.3717855
kubu raya,RM Batang Anai.,4.4,25.0,halal,-0.079371,109.384855
kubu raya,Rumah Makan Trans Indah,4.0,119.0,halal,-0.0564739,109.3930266
kubu raya,Warung Makan Djoyo (Soto Segerrr),4.5,106.0,halal,-0.075326,109.3655662
kubu raya,Rumah Makan Mak Ida,4.4,28.0,halal,-0.3139882,109.1517552
kubu raya,Babi Guling Bali Pak Made,4.7,76.0,non-halal,-0.0640308,109.3673261
kubu raya,Rumah Makan Ajap,4.2,12.0,halal,-0.0736756,109.3665757
kubu raya,Pal 5 Wisata Kuliner,4.0,377.0,halal,-0.0300056,109.2887692
kubu raya,Ccp ichiban,4.6,162.0,halal,-0.0706879,109.3605806
kubu raya,Hokben Gaia Bumi Raya City,4.6,348.0,halal,-0.0776426,109.3686544
kubu raya,Kantin Emak,4.4,74.0,halal,-0.0899159,109.3482715
kubu raya,Mie Ayam & Bakso Muntjul - Kuala Dua,4.8,643.0,halal,-0.1503517,109.4139093
kubu raya,Chap chai 78,4.7,49.0,halal,-0.0797333,109.3846892
kubu raya,Ichiban Sushi - Gaia Bumi Raya City,4.3,103.0,halal,-0.0772092,109.3686019
kubu raya,Nasi Uduk Toni,4.5,126.0,halal,-0.0711563,109.3697042
kubu raya,RM. Puring Jaya,4.1,290.0,halal,-0.0527022,109.5061297
kubu raya,Warung Padi,4.2,546.0,halal,-0.0421583,109.3239685
kubu raya,Ikan dan Ayam Bakar ACI,4.5,560.0,non-halal,-0.0736141,109.3679648
kubu raya,Rumah Makan Afifa,4.0,10.0,halal,-0.0427715,109.4813739
kubu raya,CW Coffee @OCTO,4.4,236.0,halal,-0.0904149,109.3718288
kubu raya,Rice 'N Shine - Serdam,4.1,146.0,halal,-0.0774594,109.3563109
kubu raya,Ayam Penyet Romi,4.3,179.0,halal,-0.0642424,109.3643741
kubu raya,Rumah Makan Putri,4.4,20.0,halal,-0.05647,109.198077
kubu raya,Coto Makassar Losari,4.6,57.0,halal,-0.07391,109.3781316
kubu raya,BUBUR BABI SKW,4.9,16.0,non-halal,-0.0769818,109.3801441
kubu raya,Solaria - Transmart Pontianak,4.0,29.0,halal,-0.0772939,109.3675188
kubu raya,Rumah Makan Yaya,4.3,11.0,halal,-0.0451855,109.3880294
kubu raya,Rumah Makan Filla,4.3,22.0,halal,-0.0374094,109.4235716
kubu raya,Kedai Amoi,4.3,27.0,halal,-0.061969,109.1777114
kubu raya,KFC Box Transmart Kubu Raya,4.4,388.0,halal,-0.0772758,109.3675869
kubu raya,Ayam Geprek Momo,4.4,499.0,halal,-0.0735773,109.3666411
kubu raya,A&W Restoran - Transmart Ahmad Yani Pontianak,4.3,311.0,halal,-0.0772637,109.3674085
kubu raya,Ayam Bebek Serundeng Khas Pontianak Bang Adie,4.1,12.0,halal,-0.0738285,109.3589653
kubu raya,Rocket Chicken Parit Gado,4.5,29.0,halal,-0.0627164,109.2534493
kubu raya,Kampoeng Wah Sawah,4.4,56.0,halal,-0.0780587,109.2267594
kubu raya,Ayam Geprek S3,4.3,34.0,halal,-0.0886967,109.3920714
kubu raya,Rumah Makan Thamrin,4.3,11.0,non-halal,-0.0620862,109.2561136
mempawah,Pondok Terapung Haji Boy,4.6,679.0,halal,0.3684573,108.960721
mempawah,Pondok Makan Koppel Terusan,4.3,689.0,halal,0.3693272,108.9594962
mempawah,BENJOD MEMPAWAH,4.6,68.0,halal,0.3610604,108.9589145
mempawah,Rumah Makan Nusantara,4.3,194.0,halal,0.356364,108.9595874
mempawah,Sea Food Asri Sengkubang,4.5,223.0,halal,0.4278261,108.9457669
mempawah,Rumah Makan Melayu,4.5,32.0,halal,0.3581095,108.9621251
mempawah,Aming Coffee Mempawah Hilir,4.6,728.0,halal,0.3457759,108.9633914
mempawah,Sop Mak Garang - Mempawah,4.8,657.0,halal,0.3312052,108.9660789
mempawah,Dapoer Sop dan Soto Sungai Pinyuh,4.5,457.0,halal,0.2788874,109.071154
mempawah,Dapur Ersa,4.6,149.0,halal,0.3629699,108.9565588
mempawah,Rumah Makan Atiang jurusan mempawah sebelum jembatan dari Pontianak,4.3,537.0,halal,0.2779242,109.0733091
mempawah,KINNAS KITCHEN,4.8,16.0,halal,0.3669164,108.9553383
mempawah,Rumah Makan 89,4.1,374.0,halal,0.2782555,109.0738548
mempawah,Rumah Makan Kijing Jaya,4.2,376.0,halal,0.5050452,108.9130471
mempawah,Kantin Kak Ukay,4.6,42.0,halal,0.3707525,108.9618793
mempawah,RM ERSA,4.3,228.0,halal,0.3606655,108.961023
mempawah,Taman Wisata Kuliner Mempawah,4.3,206.0,halal,0.3583254,108.9614864
mempawah,Rumah Makan Cabe Ijo (Rest Area),4.6,32.0,halal,0.3535,109.1789321
mempawah,KOPIKOE & DIMSUM POT REST AREA,4.0,245.0,non-halal,0.2722841,109.0741284
mempawah,Rumah Makan Etek,4.2,204.0,halal,0.2750507,109.0741865
mempawah,Pondok Ayah,4.7,69.0,halal,0.274282,109.0751974
mempawah,Warung Angin Malam Terminal Mempawah,4.1,66.0,halal,0.3583767,108.9616045
mempawah,Aspolo kuliner,4.7,12.0,halal,0.3603616,108.9584871
mempawah,Rm Pak Wahab,4.7,27.0,halal,0.3245916,108.9691421
mempawah,Ikan Bakar Cak Arief,4.6,53.0,non-halal,0.2869402,109.0561036
mempawah,saung almeera,4.7,25.0,halal,0.3524555,109.1582988
mempawah,Leleku Indonesia | Lele Bakar | Nilla Bakar | Ayam Bakar,4.6,41.0,non-halal,0.372344,108.9521222
mempawah,WARUNG KAK SU,4.3,78.0,halal,0.3738279,108.9691474
mempawah,RM. Puring Jaya Sungai Pinyuh Cabang Siantan,4.3,375.0,halal,0.2753397,109.0746774
mempawah,Bakso Idola Kuliner Terminal Mempawah,4.2,307.0,halal,0.3583311,108.9611712
mempawah,Rumah makan mie tiaw aciap,4.8,10.0,halal,0.3629859,108.9604738
mempawah,Nasi Goreng Meletop,4.6,141.0,halal,0.3714509,108.9549562
mempawah,Warung Makan Abie,4.7,49.0,halal,0.2800822,109.0716638
mempawah,Restoran Pondok Terapung,4.6,912.0,halal,-0.0474422,109.3597434
mempawah,Pondok Makan Hamdalah,4.2,10.0,non-halal,0.3659074,108.9650624
mempawah,RUMAH MAKAN ATIANG,4.6,25.0,halal,0.2705562,109.0753364
mempawah,Rumah Makan Asam Pedas Pak Jai,4.4,18.0,halal,0.3242892,108.969449
mempawah,Mie Lepar Mempawah,4.6,11.0,halal,0.3609494,108.9580934
mempawah,SSFC Sungai Pinyuh,4.6,50.0,halal,0.279302,109.0703847
mempawah,Rumah makan elis,4.1,50.0,halal,0.2789641,109.0723417
mempawah,RM.Pangestu Ibu,4.0,47.0,halal,0.3538351,109.15906
mempawah,Istana Amantubillah Kesultanan Mempawah,4.6,429.0,halal,0.3711263,108.961013
mempawah,Rumah Makan Sederhana Rizquna (H.Culu) pasar bakau kecil,4.2,38.0,non-halal,0.3105,109.0107794
mempawah,Rumah Makan Pondok Abah,4.3,11.0,halal,0.3491299,108.963669
mempawah,Warung Makan Beni,4.4,35.0,halal,0.2480065,109.1012614
mempawah,Kereta Malam Upin-Ipin,4.6,12.0,halal,0.3586811,108.9615403
mempawah,Sate Kambing Solo Pak Heri,4.3,158.0,halal,0.3491592,108.9636571
mempawah,Pondok Lesehan Mutiara,4.2,11.0,halal,0.356581,108.9621992
mempawah,Rocket Chicken,4.2,235.0,halal,0.3600362,108.9609318
mempawah,Bakso bang muin,4.6,70.0,halal,0.4307854,108.9553087
mempawah,RM. RANGKIANG,4.0,48.0,halal,0.3624408,109.1656511
mempawah,WM.ASRI,4.2,10.0,halal,0.3609256,109.1657539
mempawah,Warung Makan Mbah Maktal,4.1,17.0,halal,0.3334153,109.1507418
mempawah,Masakan Padang Serba 13.000,4.5,10.0,halal,0.3746637,108.9464559
mempawah,Kantin & Cafe KANOPI,4.4,20.0,halal,0.274905,109.0790217
mempawah,Rumah Makan Murni,4.3,12.0,halal,0.2790965,109.0876799
mempawah,Mie Ayam Barokah 212,4.5,39.0,non-halal,0.3491239,108.9636412
mempawah,ROCKET CHICKEN ANJUNGAN,4.6,10.0,halal,0.3623954,109.164786
bengkayang,Rumah Makan Nanda,4.3,123.0,halal,0.8539522,109.5027213
bengkayang,Warung bude dayat,4.3,190.0,halal,0.8249868,109.4833893
bengkayang,Rasa Bengkayang,4.6,18.0,halal,0.8201664,109.4737836
bengkayang,Warung Makan LAFADO,4.4,14.0,halal,0.8230272,109.4835183
bengkayang,Rumah Makan Bu' De,4.3,56.0,halal,0.8329173,109.4876738
bengkayang,Kantin Pojok Bik Jum,4.7,51.0,halal,0.8174522,109.4776598
bengkayang,RM SIMPANG RAYA,4.2,143.0,halal,0.8445885,109.4944692
bengkayang,KANTIN WAK IJAH,4.3,57.0,halal,0.8222265,109.4837806
bengkayang,Coffe & Resto 23,4.0,29.0,halal,0.8461838,109.495191
bengkayang,RM. PASUNDAN,4.2,60.0,halal,0.8500909,109.5015941
bengkayang,Health n' Joy Cafe & Resto,4.6,28.0,halal,0.8476313,109.4976988
bengkayang,Vegas Fried Chicken Bengkayang,4.4,67.0,halal,0.8172908,109.4888794
bengkayang,Rumah Makan Mama,4.5,13.0,halal,0.8642407,109.4991338
bengkayang,SS Fried Chicken Bengkayang,4.3,29.0,halal,0.8200279,109.4820362
bengkayang,Warung Makan - Annisa,4.4,12.0,halal,0.8693002,109.5053234
bengkayang,BAKSO IDOOOLA,4.8,28.0,halal,0.8311963,109.482786
bengkayang,Warung Makan Bu Esih,4.1,12.0,halal,1.0368466,109.6097112
bengkayang,Warung Lesehan Sengayan,4.1,10.0,halal,1.0504594,109.5881336
bengkayang,RM. Tri - Man,4.1,18.0,halal,0.8412906,109.4923631
bengkayang,RM. Hari hari,4.4,12.0,halal,0.8196251,109.4823638
bengkayang,Koki Achoi 168,4.4,14.0,halal,0.8361974,109.4913618
bengkayang,Rm Putri Bungsu,4.0,28.0,halal,0.8168709,109.4896254
bengkayang,Rumah Makan Ayam Ulakan,4.2,430.0,halal,0.9008966,108.9778679
landak,Dapur Bambu Cinata,4.3,371.0,halal,0.39568,109.9454269
landak,D'RAOS Resto & Cafe,4.1,122.0,halal,0.3784435,109.9456939
landak,Jahe food center dan kopitiam,4.3,98.0,halal,0.3862409,109.9647369
landak,Rumah makan hari hari landak,4.2,19.0,halal,0.3797179,109.9474594
landak,Saung SUNDA Parahiyangan,4.1,45.0,halal,0.409905,109.9556406
landak,Rumah Makan Rombok Katio,4.3,45.0,halal,0.3857224,109.9760996
landak,RM. Horas,4.5,49.0,halal,0.3657486,109.9241438
landak,Warung Makan Family (WF),4.7,53.0,halal,0.3227224,109.6710876
landak,RM Rangkiang,4.5,56.0,halal,0.3261344,109.6729668
landak,Rumah Makan Amboyo,4.0,46.0,halal,0.3796531,109.9459851
landak,Pondok CINTA-Ayam Goreng KARAWACI,4.3,83.0,halal,0.382136,109.9553492
landak,Warung acin,4.4,32.0,halal,0.3893652,109.9580155
landak,Warung Barokah Sedap Rasa,4.3,39.0,non-halal,0.5887208,109.6275798
landak,Warung Makan Pak Ling Ling,4.0,10.0,halal,0.468512,109.3358242
landak,Rm Khas Dayak,4.3,21.0,non-halal,0.375404,109.9393718
landak,Rm Pinten,4.3,16.0,halal,0.3842409,109.9592071
landak,Restoran Asyikkk Chabi Chabita,4.3,14.0,halal,0.3903734,109.9473038
landak,RM.CAPCAI JVK NUSANTARA,4.2,32.0,halal,0.3798653,109.9473511
landak,Rumah Makan Nasional Simpang Sidas,4.0,28.0,halal,0.3984135,109.7572453
landak,Rumah Makan Ora Ngiro,4.2,14.0,halal,0.381823,109.8791539
landak,Soup Mie Cucu Tungkul,4.6,87.0,halal,0.3812033,109.9543706
landak,RM Mak Gendok,4.1,66.0,halal,0.3371844,109.5819994
landak,warung makan amoy,4.0,20.0,halal,0.3721891,109.5656519
landak,Warung Makan Kak Evi,4.0,12.0,halal,0.3728571,109.936274
landak,LANDAK COFFEE HOUSE,5.0,125.0,halal,0.3824117,109.9596457
landak,Warung bude dayat,4.3,190.0,halal,0.8249868,109.4833893
landak,Rumah Makan Nanda,4.3,123.0,halal,0.8539522,109.5027213
landak,Kantin Pojok Bik Jum,4.7,51.0,halal,0.8174522,109.4776598
landak,Warung Makan LAFADO,4.4,14.0,halal,0.8230272,109.4835183
sanggau,Rumah Makan Asli Minang,4.4,441.0,halal,0.1218405,110.5993518
sanggau,Rumah makan 99,4.5,132.0,halal,0.1210376,110.5986257
sanggau,Mekar Rumah Makan,4.3,113.0,halal,0.121857,110.6000676
sanggau,Rumah Makan Minang Ratu,4.4,415.0,halal,0.1224975,110.6017358
sanggau,RM. Sido Mulyo,4.3,355.0,halal,0.8368295,110.4242616
sanggau,Rumah Makan HAWAI,4.4,327.0,halal,0.1203395,110.5975012
sanggau,Kedai Borneo,4.3,244.0,halal,0.1203613,110.5928019
sanggau,JAWARA SEAFOOD,4.5,42.0,halal,0.1210587,110.5986461
sanggau,RM. Puncak Kapuas,4.2,692.0,halal,0.0765037,110.6768788
sanggau,Teras Zaky Seafood,4.5,168.0,halal,0.1215967,110.5981512
sanggau,Rumah Makan Istimewa,4.2,306.0,halal,0.2934722,110.2407228
sanggau,RUMAH MAKAN CILACAP,4.2,66.0,halal,0.2296652,110.4027934
sanggau,Rumah Makan Banyuwangi,4.2,133.0,halal,0.134056,110.5606686
sanggau,Harmony Resto 'n Cafe,4.2,125.0,halal,0.1226496,110.6039696
sanggau,Rumah Makan ASAN,4.4,42.0,halal,0.120589,110.599071
sanggau,Warung Beringin,4.8,19.0,halal,0.1179319,110.5917469
sanggau,Rumah makan Cahaya Minang simpang barage,4.3,163.0,non-halal,0.292854,110.2428467
sanggau,Rumah Makan Lesehan,4.3,108.0,halal,-0.0425861,110.1074066
sanggau,Mie Akuang Sanggau,4.6,78.0,halal,0.1204245,110.597516
sanggau,Warung Makan Fauzi,4.0,54.0,halal,0.2926867,110.2342166
sanggau,RM Cahaya Minang,4.3,211.0,halal,0.1209072,110.5836995
sanggau,Rumah Makan Harum Manis,4.2,31.0,halal,0.2935051,110.2409967
sanggau,Rumah Makan Niken,4.3,69.0,halal,0.22446,110.4150421
sanggau,NEJI ONE,4.1,109.0,halal,0.8181542,110.4240493
sanggau,Warung Mbak Lastri,4.4,71.0,non-halal,0.1228035,110.6032397
sanggau,Rumah Makan UMMI,4.4,54.0,halal,0.122692,110.6026008
sanggau,DAPUR KAMPUNG (DK),4.2,159.0,halal,0.9759846,110.3509582
sanggau,Rumah Makan Istimewa,4.3,13.0,halal,0.1249853,110.5704945
sanggau,Rm. Ambun Perak,4.0,158.0,halal,0.111013,110.628613
sanggau,Warung makan aling,4.5,42.0,halal,-0.0397832,110.1141146
sanggau,RM Ojolali,4.1,143.0,halal,0.132669,110.5496461
sanggau,Rumah Makan MR. BORNEO,4.3,33.0,halal,0.8229324,110.4276274
sanggau,RM BPK DALANTA JUMPA SANGGAU,4.7,11.0,halal,0.163176,110.5068377
sanggau,Warung Idola,4.4,20.0,halal,0.1216506,110.5988639
sanggau,Pawon Solo,4.6,25.0,halal,0.9752016,110.352278
sanggau,Warung Makan Mama Imam,4.2,25.0,halal,0.1345309,110.5626506
sanggau,Rumah Makan Malenggang,4.1,61.0,halal,0.7901173,110.7244709
sanggau,Rumah Makan Mutiara Agam,4.2,81.0,halal,0.5586258,110.4070212
sanggau,Kantin Bu Made,4.5,13.0,halal,0.137359,110.501551
sanggau,Warung Nasi Ayu,4.3,32.0,halal,0.1333764,110.5498699
sanggau,Waroeng D'boegiz,4.0,19.0,halal,0.8343988,110.4266998
sanggau,RM Sari Rasa,4.3,48.0,halal,0.2033076,110.4393388
sanggau,kedai biupin,4.2,28.0,halal,0.1187379,110.5905399
sanggau,Rumah Makan Campago,4.0,22.0,halal,0.1198276,110.5865577
sanggau,Rumah Makan Sido Mampir,4.1,14.0,halal,0.7103682,110.3929367
sanggau,Bubur pedas (Warung Simpera),4.1,49.0,halal,0.1212137,110.5946459
sanggau,Warung Bu Freddy,4.1,30.0,halal,-0.066208,110.1344794
sanggau,Rumah Makan Barokah,4.3,16.0,non-halal,0.8294466,110.4332916
sanggau,Rumah Makan Moncong Putih,4.3,12.0,halal,0.0619577,109.8980246
sanggau,Warung Sederhana,4.6,12.0,halal,0.2916679,110.2437745
sanggau,Warteg Arimbi,4.2,17.0,halal,0.1207749,110.5919509
sanggau,Pak dhe petai,4.4,17.0,halal,0.1214,110.5989337
sanggau,Nasi uduk & Ayam Goreng Borobudur,4.7,33.0,halal,0.123047,110.6057917
sekadau,PONDOK ASRI,4.7,63.0,halal,0.020177,110.8834859
sekadau,D'Rumbia,4.4,187.0,halal,-0.0033511,110.9577512
sekadau,Warung Makan Pondok Indah,4.2,98.0,halal,0.018945,110.8924198
sekadau,Rumah Makan SAUNG KURING,4.6,23.0,halal,0.0104998,110.8742661
sekadau,Warung Sri Rejeki,4.4,111.0,halal,0.019813,110.8913766
sekadau,Rumah Makan 88,4.1,47.0,halal,0.0185188,110.8925957
sekadau,R.M Tenda Biru,4.3,272.0,halal,0.0173337,110.8945719
sekadau,Teras Es,4.5,74.0,halal,0.0151079,110.876515
sekadau,Warung Nasi DJOGJA,4.3,70.0,halal,-0.0028295,110.9586773
sekadau,DECOCO,4.5,44.0,halal,0.013287,110.8726151
sekadau,LESEHAN MAK NGAH,4.8,12.0,halal,0.0192272,110.7754114
sekadau,Rumah Makan Campur Sari,4.0,45.0,halal,-0.0050064,110.9523231
sekadau,Rumah Makan MINANG PELANGI,4.0,49.0,halal,0.0243643,110.8897907
sekadau,Rumah Makan Cahaya Rindang,4.2,19.0,halal,-0.0038763,110.9577215
sekadau,RM Sentosa,4.0,58.0,halal,0.0200931,110.891094
sekadau,Rumah Makan Minang,4.3,20.0,halal,0.0199746,110.8907845
sekadau,Pondok Lesehan Podomoro 2,4.2,34.0,halal,-0.0026041,110.9597166
sekadau,ZaniZZa Caffe & Resto,4.3,35.0,halal,0.0173515,110.8924369
sekadau,RUMAH MAKAN ASIA,4.4,17.0,halal,0.0206217,110.8899632
sekadau,RUMAH MAKAN SEDERHANA,4.6,14.0,halal,0.0243722,110.892347
sekadau,Rumah Makan Kasih Ibu,4.1,11.0,halal,0.0249488,110.8891914
sekadau,Lapo Bonasogit,4.3,76.0,halal,0.0022377,110.9136207
sekadau,KHAS DAYAK TUAH KEMBAR,4.6,11.0,non-halal,-0.0019728,110.9616378
sekadau,Warung Meysia,4.1,23.0,halal,0.0322336,110.8908456
sekadau,WARUNG MAS TEMON,4.4,47.0,halal,0.0114629,110.9065199
sekadau,Rumah Makan Tanjung Raya,4.9,12.0,halal,0.0111374,110.9070214
sekadau,Warung Sudir,4.1,15.0,halal,-0.1404549,110.8741893
sekadau,AYAM GEPREK QUEEN,4.3,73.0,halal,0.0167636,110.894983
sekadau,RM. Melayu,4.6,10.0,halal,0.0213893,110.8877501
sekadau,RM Padang Rangkito,4.2,26.0,halal,0.0224082,110.8896842
sekadau,Dapur Bunda,4.0,57.0,halal,-0.0151273,110.7971741
sekadau,Warung Anglo,4.8,10.0,halal,0.0175022,110.8943214
sekadau,RM.minang pelangi 4,4.2,26.0,halal,0.0196998,110.8914793
sekadau,RM. Areta Brantas,4.1,12.0,halal,-0.0013911,110.9195975
sekadau,Rocket Chicken Sekadau Hilir,4.0,36.0,halal,0.017658,110.8941149
sekadau,Bakso Singkawang,4.3,38.0,halal,0.0175968,110.8941872
sekadau,Sate kambing solo PAK JOKO,4.4,81.0,halal,0.0162264,110.8958912
sekadau,Warung Bakso Solo,4.2,99.0,halal,0.019987,110.8856944
sekadau,BAKSO BERANAK SETAN / SPESIAL SATE GULE KAMBING,4.4,26.0,halal,0.0007205,111.0111684
sekadau,RM.MAMA LaLa,4.5,19.0,halal,0.1947729,111.1092478
sekadau,Bakso Balungan,4.2,79.0,halal,0.0202722,110.8861624
sekadau,Bakso psp sekadau,4.2,45.0,halal,0.0176288,110.893682
sekadau,Warung Ghifari,4.5,18.0,halal,0.0194543,110.8918681
sekadau,Rumah Makan Ibu Mukti,4.1,10.0,halal,0.2066875,111.0961875
sekadau,Rumah Makan Handayani,4.0,26.0,halal,-0.4244954,110.7583423
sekadau,Lawang kopi,4.5,89.0,halal,0.012656,110.9041934
sekadau,Mie Pangsit,4.7,33.0,halal,0.0238985,110.8911715
sekadau,Warung mie oo' dan pencucian 354 Mbah Man,4.5,16.0,halal,-0.0020134,111.0351748
sekadau,Warung Mie Siang Malam,4.4,71.0,halal,0.1006356,111.0660067
sekadau,Bakso Balungan,4.2,10.0,halal,0.0185528,110.8808921
sekadau,Rumah Makan Istimewa,4.2,306.0,halal,0.2934722,110.2407228
melawi,Rumah Makan Lina,4.5,43.0,halal,-0.3312597,111.7379435
melawi,Kopi Dari Hati & Toast Melawi,4.5,173.0,halal,-0.3354942,111.7400928
melawi,rumah makan seafood 69,4.4,41.0,halal,-0.3333206,111.7372761
melawi,Kantin Sriwijaya,4.4,147.0,halal,-0.3440449,111.7500993
melawi,Cafe Putri Tanjung,4.0,397.0,halal,-0.3429646,111.7425925
melawi,RM Padang TALAGO,4.5,169.0,halal,-0.3339295,111.7386881
melawi,rumah makan khas pontianak,4.5,23.0,halal,-0.333042,111.7330019
melawi,PONDOK V&M MELAWI,4.1,19.0,halal,-0.3461104,111.7479314
melawi,Serindu sekopii,4.2,103.0,halal,-0.3428875,111.7432697
melawi,Warung Makan Cak Mif( Pecel Lele),4.3,154.0,halal,-0.3402195,111.7447184
melawi,RM BUDI LUHUR,4.3,31.0,halal,-0.3690986,111.5292358
melawi,Nasi Uduk DP,4.7,82.0,halal,-0.3437347,111.7505737
melawi,Rm. Tanjung Beringin 2,4.2,112.0,halal,-0.3570413,111.7539026
melawi,RM SPESIAL 99,4.0,50.0,halal,-0.2851059,111.6014999
melawi,Dyan Kuliner,4.6,11.0,halal,-0.3435784,111.7467233
melawi,Lovis‚Äô Recipes,4.3,28.0,halal,-0.3443423,111.7497933
melawi,Rm Tanjung Beringin,4.3,68.0,halal,-0.3321723,111.7372049
melawi,Aqilla Resto,4.3,18.0,halal,-0.3558446,111.7536042
melawi,Mie n You,4.7,50.0,halal,-0.3483628,111.7514477
melawi,Warung Bakso Cak Munir,4.1,86.0,halal,-0.3333233,111.7320406
melawi,Warung Bakso Wonogiri,4.6,69.0,halal,-0.3313125,111.7366875
melawi,YASMIN CAFE,4.4,24.0,halal,-0.3405154,111.7448795
melawi,WR. Ayam Bakar Sambel Uleg Mas Ndut,4.7,30.0,non-halal,-0.2910848,111.6128916
melawi,Warung Bikje,4.0,26.0,halal,-0.3423344,111.745986
melawi,Warung Gado Gado,4.1,29.0,halal,-0.3583827,111.7547887
melawi,RM BUYUANG KHAS MINANG ORIGINAL,4.6,14.0,halal,-0.3343043,111.7298909
melawi,Vegas Fried Chicken Melawi,4.1,48.0,halal,-0.3414898,111.7454631
melawi,Rocket Chicken Nanga Pinoh,4.2,67.0,halal,-0.3355357,111.7401604
melawi,Sate Simpang Sertu Mang In,5.0,21.0,halal,-0.3539635,111.7129477
melawi,Juragan Ayam Asap Melawi,4.9,14.0,halal,-0.3509367,111.7515916
melawi,Depot Sate Solo Pak'e Kukuh,4.9,17.0,halal,-0.3476749,111.7511095
melawi,Sate solo pak eko,4.6,23.0,halal,-0.3332348,111.7323273
melawi,Ayam Geprek Nusantara,4.1,19.0,halal,-0.3348812,111.7322247
melawi,Bakso urat artomoro,4.5,13.0,halal,-0.3538749,111.7525979
melawi,nasi kuning pendi,4.4,14.0,halal,-0.3313235,111.7381667
melawi,Warung Bakso & Mie Ayam Barokah,4.3,24.0,halal,-0.407705,112.0609332
melawi,Bakso dan Mie Ayam Suka Rasa Smg,4.0,12.0,halal,-0.3358813,111.7275043
sintang,Resto Garuda Nusantara Sintang,4.8,26.0,halal,0.0644946,111.4896215
sintang,Rumah Makan Cita Rasa,4.6,174.0,halal,0.0627446,111.485844
sintang,Rumah Makan Pondok Ladang,4.2,184.0,halal,0.0611591,111.4915526
sintang,Warung Kak Ros,4.4,400.0,halal,0.0763953,111.4859626
sintang,BAGOES Resto & Cafe,4.1,82.0,halal,0.0614068,111.4915664
sintang,Rumah Makan Pakdhe,4.0,629.0,halal,0.0867945,111.5044982
sintang,Warung Ayam Bejo Sintang,4.4,149.0,halal,0.0743735,111.4840738
sintang,Erando's Kitchen Sintang,4.0,349.0,halal,0.0649669,111.4943312
sintang,Ekonomi Food Oevang Oeray Sintang,4.2,204.0,halal,0.0608501,111.4997707
sintang,SAMBEL GLEDEK DAPUR & KOPI x PEMPEK RAJA,4.2,310.0,halal,0.0623944,111.4929355
sintang,RM. Pondok Indah,4.3,311.0,halal,0.064955,111.4894835
sintang,Lesehan Pasir Merah,4.5,34.0,halal,0.0579613,111.489583
sintang,Lalapan Terasi Ulek(Sintang),4.3,44.0,halal,0.0575045,111.4789427
sintang,Warung A&D,4.3,148.0,halal,0.0612898,111.4827933
sintang,Rumah Makan SAKATO,4.2,162.0,halal,0.0789196,111.4963762
sintang,Rumah Makan Sari Bundo,4.2,234.0,halal,0.0815752,111.4839895
sintang,Damoz Restoran dan Family Karoke,4.0,95.0,halal,0.0631516,111.4945032
sintang,AL-MANDHI Autenthic Arabian Taste,4.8,16.0,halal,0.0576108,111.4788205
sintang,Rumah Makan Mata Bola,4.0,167.0,halal,0.0656313,111.5153767
sintang,Pondok Rasa,4.5,26.0,halal,0.0708743,111.4763956
sintang,Dapur sambal sunda,4.9,10.0,halal,0.064767,111.4883563
sintang,Rm.Asro86,4.2,91.0,halal,0.0803372,111.4848171
sintang,Hermes Sky Garden,4.1,220.0,halal,0.0660548,111.4885252
sintang,Dapur Mamasye,4.5,32.0,halal,0.0659561,111.4879327
sintang,Rumah Makan 89,4.6,16.0,halal,0.080123,111.4848891
sintang,Waroeng DJ DWIPA Sintang,4.1,43.0,halal,0.0785842,111.4857173
sintang,Mugen Sushi & Coffee,4.3,58.0,halal,0.0655119,111.4949045
sintang,Warung Makan 889,4.9,10.0,halal,0.0798856,111.484973
sintang,RM. TENDA BIRU 2,4.2,239.0,halal,0.06309,111.4861138
sintang,PORT√° Coffee and Burger Bar,4.8,121.0,halal,0.0646221,111.4900586
sintang,Rm Singkawang,4.2,86.0,halal,0.0804388,111.4827213
sintang,NOAH.EatDrink&Happy,4.6,47.0,halal,0.0623797,111.502708
sintang,Waroeng Joglo coffee,4.4,29.0,halal,0.073041,111.4983102
sintang,RM. Tenda Biru Cabang Sekadau,4.3,48.0,halal,0.0761959,111.4841873
sintang,Sugi Ramen,4.0,34.0,halal,0.0644527,111.4942938
sintang,Warung Bakso Urat Cak Pandu,4.3,226.0,halal,0.0636674,111.4941604
sintang,Tenda Biru,4.1,64.0,halal,0.0645635,111.4917003
sintang,Kedai Bakmie Sahang 86,4.6,30.0,non-halal,0.0625077,111.499138
sintang,Rm. HOKI BAN,4.7,40.0,halal,0.080155,111.484882
sintang,RM. Bu KUSS,4.2,91.0,halal,0.0682484,111.4957971
sintang,RM Siang Malam,4.3,56.0,halal,0.0712133,111.4824956
sintang,RM. SUKA MAJU,4.2,113.0,halal,0.0744859,111.479583
sintang,Warung Rose,4.4,27.0,halal,0.0632164,111.505649
sintang,Pondok Dahar Laras Roso,4.3,15.0,halal,0.0628492,111.4938456
sintang,SS Fried Chicken Sintang,4.6,45.0,halal,0.0618681,111.4845639
sintang,Thunder Fried Chicken Sintang,4.4,42.0,halal,0.0758237,111.4840797
sintang,Ayam Goreng Jogja,4.6,25.0,halal,0.0792448,111.483308
sintang,RM. Pradana Lamongan,4.1,18.0,halal,0.0667523,111.4956819
sintang,Bakmi Ahong Sintang,4.4,14.0,non-halal,0.066903,111.4754166
sintang,Bakso Arema,4.3,215.0,halal,0.0783682,111.4991234
sintang,Sake Family Karaoke,4.2,51.0,halal,0.0770367,111.5002415
sintang,Rm.Cak Amin LAMONGAN,4.1,62.0,halal,0.0646181,111.4907364
sintang,RM. Tenda Biru Star,4.4,25.0,halal,0.0660598,111.4883308
sintang,Hexa Grill,4.4,17.0,halal,0.064145,111.4903185
sintang,Rumah Makan CAK MAD,4.2,16.0,halal,0.0602594,111.4786652
sintang,RM.Happy Green.Vegetarian Food,4.5,81.0,halal,0.0807703,111.4799286
sintang,RM.TARI MINANG,4.2,45.0,halal,0.0635179,111.4930746
sintang,MAMO 'Coffee House',4.6,44.0,halal,0.0617692,111.5011298
sintang,Kedai Atjeh,4.3,103.0,halal,0.0647341,111.4885179
sintang,Ben's Burger,4.4,302.0,halal,0.0645748,111.4944276
sintang,Kedai Nnisa,4.1,55.0,halal,0.0729973,111.4739991
sintang,Jenggala Coffee & Whatever,4.8,17.0,halal,0.0825417,111.5365097
sintang,Nasi Lemak MakWa,4.3,20.0,halal,0.0710191,111.4835018
sintang,KEDAI & RM AMEN,4.4,14.0,halal,0.0626517,111.5040856
sintang,Sate Hot plate,4.1,65.0,halal,0.0644557,111.4893396
sintang,RM AL-BAROKAH (AYAM GEPREK MEREPEK),4.4,25.0,non-halal,0.0620402,111.4850292
sintang,Ayam Ketiga,4.2,41.0,halal,0.0645957,111.4898993
sintang,Rocket Chicken Baning Kota,4.2,60.0,halal,0.0620215,111.5014884
sintang,Depot Mbak Ida,4.0,23.0,non-halal,0.078662,111.4968588
sintang,Warung Timbul 2,4.1,19.0,halal,0.0644763,111.4892883
sintang,WR. Lamongan Rizqi,4.0,10.0,halal,0.0807992,111.4809513
sintang,Toko Pak Iwan Oleh Oleh Khas Sintang,4.3,23.0,halal,0.0786228,111.4976652
sintang,Ayam Geprek Queen Sintang,4.0,20.0,halal,0.0636349,111.5069123
sintang,Bakso lava dan sop buah,4.3,12.0,halal,0.0617444,111.4958104
sintang,Sudut Sintang,4.2,17.0,halal,-0.0429462,111.4850019
sintang,Ismia Fried Chicken,4.1,44.0,halal,0.065297,111.4778453
sintang,Warung Lalapan Cak Roy,4.6,16.0,halal,0.0644062,111.4914591
sintang,Warung Bakso Sapi Aji,4.6,87.0,halal,0.0788894,111.4856765
kapuas hulu,Rumah Makan Selera Nuan,4.3,64.0,halal,0.8633281,112.9244583
kapuas hulu,Fanhaus,4.6,63.0,halal,0.8816431,112.9246462
kapuas hulu,Cak Nawi Restaurant,4.4,59.0,halal,0.8708344,112.9227596
kapuas hulu,Apat Cap Cay,4.2,46.0,halal,0.8597013,112.9244961
kapuas hulu,Rumah Makan Citra Kasih,4.4,38.0,halal,0.8622375,112.9247879
kapuas hulu,Aming Coffee Putussibau,4.7,75.0,halal,0.8700165,112.9227202
kapuas hulu,kerupuk Basah DN,4.8,32.0,halal,0.8439426,112.9233408
kapuas hulu,Cafe Bunga,4.3,133.0,halal,0.8745637,112.9238061
kapuas hulu,Pondok Seafood 88,4.5,26.0,halal,0.8670768,112.9235628
kapuas hulu,AURACafe,4.6,48.0,halal,0.8824213,112.9292644
kapuas hulu,Cafe Sky Banana & karaoke,4.4,27.0,halal,0.8726908,112.9240661
kapuas hulu,RM Aban,4.5,75.0,halal,0.8867148,112.9280952
kapuas hulu,Imecca House Cafe & Resto,4.3,137.0,halal,0.8719191,112.9199017
kapuas hulu,Warung Makan Rica Rica,4.8,67.0,halal,0.8832677,112.9242812
kapuas hulu,Enjoys Cafe putussibau,4.1,287.0,halal,0.843765,112.9231932
kapuas hulu,Warung Caca N Alvin PUTUSSIBAU,4.3,29.0,halal,0.8389705,112.9322805
kapuas hulu,Income Cafe,4.1,98.0,halal,0.8556761,112.9151384
kapuas hulu,Pondok Meranti,4.0,114.0,halal,0.8649201,112.9237528
kapuas hulu,Dreams Cafe,4.1,169.0,halal,0.8639889,112.9244193
kapuas hulu,Rumah Makan Gigih,4.6,12.0,halal,0.852915,112.923647
kapuas hulu,Rumah Makan EDY,4.5,11.0,halal,0.8679092,112.9164347
kapuas hulu,RM Padang Alam Minang,4.2,61.0,halal,0.8739354,112.9238192
kapuas hulu,Warung Bubur Kak Ros,4.6,49.0,halal,0.8606677,112.9226769
kapuas hulu,Pondok ADN,4.3,102.0,halal,0.8377716,112.9263495
kapuas hulu,pondok puput,4.2,29.0,halal,0.8425293,112.9238418
kapuas hulu,Ruang Kertjah Kedai Kopi,4.7,34.0,halal,0.8702219,112.9227851
kapuas hulu,Rocket Chicken Putussibau,4.3,99.0,halal,0.8676564,112.9231549
kapuas hulu,Pondok penyet,4.6,16.0,halal,0.8696927,112.9239943
kapuas hulu,Rumah Makan Pondok Teteh Afifah Cihui,4.2,13.0,halal,0.8314907,112.9330574
kapuas hulu,Kopi dari hati Putussibau,4.3,35.0,halal,0.8715458,112.9227702
kapuas hulu,Lokale,4.5,42.0,halal,0.8725724,112.9230807
kapuas hulu,PONDOK ARINE,4.3,10.0,halal,0.8589698,112.9247305
kapuas hulu,Bakso Sapi 126 & HOYABEN,4.5,37.0,halal,0.8346971,112.9292423
kapuas hulu,JKT Food 77,4.7,16.0,halal,0.8887731,112.9308086
kapuas hulu,Salero Minang,4.4,17.0,halal,0.874406,112.9237667
kapuas hulu,Queen's cafe,4.2,13.0,halal,0.8515925,112.9231816
kapuas hulu,Rumah Makan Dua Putri,4.3,42.0,halal,0.8581345,112.9248108
kapuas hulu,Cafe Tia,4.0,48.0,halal,0.8728911,112.9234634
kapuas hulu,Kantin RSUD,4.0,11.0,halal,0.8687679,112.9231427
kapuas hulu,PENTOL KUAH BUDE,4.3,10.0,halal,0.859767,112.92852
kapuas hulu,Rm. Pakde Demak,4.1,15.0,halal,0.8591114,112.9245156
kapuas hulu,TELESKOPI,4.6,18.0,halal,0.8790334,112.9274729
kapuas hulu,Ayam Geprek Suroboyo,4.2,96.0,halal,0.8837652,112.9242946
kapuas hulu,BAKSO GAMA 17,4.5,24.0,halal,0.8819323,112.9288756
kapuas hulu,Noel Reload,4.1,21.0,halal,0.8807563,112.9281074
kapuas hulu,DC CarWash & R.M RIZQI,4.3,14.0,halal,0.8827595,112.9242732
kapuas hulu,Bakso dan Mie Ayam Pak Brewok,4.2,155.0,halal,0.8589707,112.9244767
kapuas hulu,Rocket Chicken Kedamin,4.0,10.0,halal,0.8341867,112.9309899
kapuas hulu,Nasi Goreng REPANSHAR,4.8,16.0,halal,0.8728836,112.9234607
kapuas hulu,pecel lele lamongan (pondok putri tunggal),4.0,37.0,halal,0.8354985,112.9285718
kapuas hulu,Wk.Tegam kopi,4.3,36.0,halal,0.8827155,112.9299447
sambas,Pondok Sambas,4.1,214.0,halal,1.3470926,109.2899484
sambas,KANTIN JAGA RASA,4.4,254.0,halal,1.3625544,109.3016964
sambas,Rumah Makan Aizen,4.1,99.0,halal,1.3609204,109.297192
sambas,RM Bundo Kanduang,4.3,184.0,halal,1.3574222,109.2955183
sambas,DIAN Endeus,4.6,71.0,halal,1.3612728,109.317964
sambas,Q Crab Resto Moeslim Seafood,4.3,146.0,halal,1.3573297,109.2950027
sambas,Kedai Nasi Indonesia M.Sattim,4.2,95.0,halal,1.3619695,109.3078185
sambas,Kantin Accik,4.1,254.0,halal,1.3602898,109.2968542
sambas,Naufal Cafe & Seafood,4.5,144.0,halal,1.362738,109.314671
sambas,Kampung Rawit,4.6,45.0,halal,1.3421098,109.2871843
sambas,King Resto Cafe Sambas,4.0,21.0,halal,1.3470349,109.2894209
sambas,Masakan Ajun Seafood Halal TVRI,4.5,18.0,halal,1.3607185,109.3004721
sambas,SENTOSA,4.4,25.0,halal,1.365623,109.3204504
sambas,Bakso 82 Sambas,4.1,24.0,halal,1.3673552,109.3040158
sambas,Selera Kartiasa,4.6,41.0,halal,1.3901763,109.2670303
sambas,Warung Makan Cahaya,4.2,22.0,halal,1.3641637,109.3009518
sambas,Mie Gosong Mak Nyah,4.3,88.0,halal,1.3599078,109.3076003
sambas,Pondok Allen's cuikis,5.0,11.0,halal,1.3693396,109.3103745
sambas,Cafe Damosa,4.6,14.0,halal,1.362182,109.3068409
sambas,Restaurant Pantura Jaya,4.6,17.0,halal,1.3576111,109.2948678
sambas,KANTIN ULAN 2,4.2,166.0,halal,1.3675826,109.3165357
sambas,Warung Makan Fung Ji,4.5,22.0,halal,1.3606519,109.3066173
sambas,Kuliner Ka'Ngah,4.6,13.0,halal,1.3597437,109.3150787
sambas,Rumah Makan Mitra,4.2,16.0,halal,1.3604726,109.3076415
sambas,Depot Sate Kambing Pak'E Lena,4.5,70.0,halal,1.3655561,109.3208541
sambas,Kantin Perahu,4.1,52.0,halal,1.3675597,109.3169159
sambas,RM. Danau Toba,4.5,12.0,halal,1.3596384,109.3077555
sambas,Warung Makme melayu,4.5,15.0,halal,1.3664781,109.3159381
sambas,Vegas Fried Chicken,4.3,192.0,halal,1.3619059,109.3056269
sambas,Kantin AR,4.0,10.0,halal,1.3623527,109.3147641
sambas,Roti Canai Abbasy,4.3,19.0,halal,1.3639753,109.3009471
sambas,Rumah Makan Siau Phin,4.2,83.0,halal,1.3611304,109.2968157
sambas,PENTOL KUAH & ICE BLANDER AISYANARA,4.5,10.0,halal,1.3656005,109.3004083
sambas,Batagor Siomay,4.1,16.0,halal,1.3626208,109.2984382
sambas,Bakso sapi77,4.3,12.0,halal,1.3612413,109.2975339
sambas,Rm Kitte Kartiase,4.4,168.0,halal,1.3889072,109.2711098
sambas,Kantin Bunda Rina,4.5,28.0,halal,1.3787233,109.278807
sambas,Rumah Makan Sumi,4.1,56.0,halal,1.2094641,109.1202389
sambas,Ayam Geprek,4.4,44.0,halal,1.359275,109.3190952
sambas,ROCKET CHICKEN PENDIDIKAN,4.5,14.0,halal,1.3681125,109.3100156
sambas,KEBAB HABIB SAMBAS,4.7,35.0,halal,1.3597543,109.3122629
sambas,Ayam gepuk Lmade,4.8,25.0,halal,1.3607407,109.3054221
sambas,Kuliner Seblak Bandung cabang sambas,4.5,11.0,halal,1.3656358,109.2998663
sambas,Bakmi Gosong (Jin Siong ) 100% Halal.,5.0,13.0,non-halal,1.3582705,109.3084378
sambas,Kantin Ela Dia,4.4,26.0,halal,1.3321817,109.29028
sambas,Rumah Makan 389,4.4,12.0,halal,1.347243,109.3027644
sambas,Warung Kopi @,4.3,13.0,halal,1.3624277,109.3040423
sambas,Warkop Enak sambas(aning),4.1,67.0,halal,1.361486,109.308261
sambas,Lapak teras long Yuni,4.5,10.0,halal,1.352661,109.3147907
ketapang,RM Bu Rakiman,4.3,677.0,halal,-1.8396554,109.9749785
ketapang,Rumah Makan Podomoro,4.4,320.0,halal,-1.8481643,109.9778885
ketapang,BAKMI_KL,4.8,76.0,non-halal,-1.8401273,109.977996
ketapang,Rumah ma,4.3,339.0,halal,-1.8391414,109.9709589
ketapang,Pontera Bistro Ketapang,4.3,377.0,halal,-1.8295044,110.0011601
ketapang,Kwecap Aheng,4.7,23.0,halal,-1.8530493,109.9702712
ketapang,Rm. Seafood 26,4.3,385.0,halal,-1.837341,109.9672931
ketapang,KAYONG KULINER,4.2,45.0,halal,-1.8495823,109.9708186
ketapang,EATN'GRILL,4.3,231.0,halal,-1.821725,109.9587119
ketapang,Hills Cafe,4.4,344.0,halal,-1.8436917,109.9756187
ketapang,Lamongan Nyusoul,4.1,360.0,halal,-1.8298347,109.9735239
ketapang,LOKANOA,4.4,244.0,halal,-1.8360712,109.9681963
ketapang,Dadar Beredar - Kalbar,4.4,86.0,non-halal,-1.8253834,109.9782738
ketapang,Warung Makan Dayak Pak Philip,5.0,100.0,non-halal,-1.8589338,109.9793961
ketapang,RESTORAN SEAFOOD 888,4.4,76.0,halal,-1.8511784,109.9782399
ketapang,RM. Segar Rasa,4.2,176.0,halal,-1.8340216,109.9785767
ketapang,Rumah Makan Pecal & Bakso Pak Rohim,4.1,15.0,halal,-1.8385972,110.4141221
ketapang,Amplang Sari Belidak,4.5,46.0,halal,-1.852126,109.9650298
ketapang,Bubur Pedas Mentari,4.3,65.0,halal,-1.8578523,109.9652606
ketapang,Sugih Bejo,4.5,58.0,halal,-1.5337787,110.5671976
ketapang,Rumah Makan Bunda,4.3,40.0,halal,-1.8300308,109.9787889
ketapang,Rumah Makan Barokah Adonai,4.8,18.0,non-halal,-1.573416,110.9209064
ketapang,Obic Amplang Ketapang,4.3,462.0,halal,-1.8522869,109.9650753
ketapang,Warung Makan UMI,4.3,202.0,halal,-1.8310172,109.9788367
ketapang,Warung Makan Ajun,4.1,11.0,halal,-1.8478234,109.9760539
ketapang,Rumah Makan Ketapang,4.7,605.0,halal,-6.1979229,105.8381807
ketapang,Jess N Jesse Cafe,4.1,10.0,halal,-1.8305708,109.972638
ketapang,RM.sumber rejeki,4.6,24.0,halal,-1.4826003,110.5625621
ketapang,Selera Kita Seafood,4.8,23.0,halal,-1.5311431,110.5669589
ketapang,ùó™ùóîùó•ùó®ùó°ùóö ùó†ùóîùóûùóîùó° ùó¶ùóúùó£ùóî ùó£ùó®ùóßùó•ùóú,4.5,13.0,halal,-1.5884773,110.8676817
ketapang,Rumah Makan Tiara 2,4.4,45.0,halal,-1.8427359,109.9737754
ketapang,Ayam Geprek Asli Jogja,4.2,120.0,halal,-1.8300016,109.9732681
ketapang,Oishiteru,4.2,39.0,halal,-1.851976,109.973562
ketapang,Tanah Kayong Coffee,4.5,79.0,halal,-1.8410049,109.9685958
ketapang,Pizza Hut Restoran,4.6,102.0,halal,-1.8367731,109.9673962
ketapang,Bakso Sabar Solo,4.3,138.0,halal,-1.8598007,109.9631389
ketapang,Sate Ayam Bu Isa,4.0,23.0,halal,-1.860632,109.9732206
ketapang,RUMAH MAKAN AJO MUNCUL LAGI,4.2,111.0,halal,-1.328423,110.463543
ketapang,KFC Ketapang Kalimantan,4.0,989.0,halal,-1.8328891,109.9683227
ketapang,RM Sido Mulyo,4.3,77.0,halal,-1.249336,110.529932
ketapang,LATANZA,4.6,37.0,halal,-1.5424567,110.5632081
ketapang,WarunK FB,4.6,22.0,halal,-1.5607474,110.4052357
ketapang,Bakso Urat Kuningan,4.4,23.0,halal,-1.8596823,109.9634356
ketapang,rumah makan pelang,4.7,11.0,halal,-1.9441414,110.0829115
ketapang,Rumah makan mas didik,4.1,37.0,halal,-1.2409611,110.5273401
ketapang,Warung makan Mbak Sun,4.5,27.0,non-halal,-1.4836237,110.5631736
ketapang,Rumah Makan Simpang,4.3,16.0,halal,-1.5577461,110.4093894
ketapang,KETAPANG BEACH&RESTO,4.8,88.0,halal,-6.1774866,105.844794
ketapang,Pelabuhan Speed Boat Mak Usu Sabar,4.4,17.0,non-halal,-1.5570891,110.4080248
ketapang,RM.FAMILY,4.6,14.0,halal,-1.5186207,110.5650555
ketapang,SS Fried Chicken Nanga Tayap,4.4,53.0,halal,-1.5286972,110.5672619
kayong utara,Rumah Makan Pondok Bakau,4.5,165.0,non-halal,-1.2434362,109.9509975
kayong utara,Rm. Oscar,4.3,208.0,halal,-1.3618975,110.0692039
kayong utara,Rumah Makan Rezeki,4.5,100.0,halal,-1.237517,109.9541224
kayong utara,Citra Lestari,4.1,49.0,halal,-1.2288963,109.9839609
kayong utara,RM.Sea Food 99,4.4,87.0,halal,-1.2450636,109.951168
kayong utara,warung pecal mba kiki.,4.2,72.0,halal,-1.2328771,109.9512419
kayong utara,RM. JITHO WAE,4.4,224.0,halal,-1.2056937,109.9700642
kayong utara,Warung Bu Kur,4.5,36.0,halal,-1.2306651,109.9594353
kayong utara,RM. SIMPANG AMPEK,4.3,28.0,halal,-1.2618332,109.9565665
kayong utara,RM. SIMPANG TUGU,4.5,15.0,halal,-1.2378136,109.9497205
kayong utara,Rumah Makan Kang Toni,4.1,29.0,halal,-1.2269876,109.9604063
kayong utara,WARUNG MAS GONDRONG FAMILY,4.4,83.0,halal,-1.2353883,109.9498843
kayong utara,WR. Nayla,4.3,48.0,halal,-1.2343108,109.9506697
kayong utara,Waroeng beli beli Lamongan sidu,4.6,10.0,halal,-1.3622434,110.06934
kayong utara,Warung Bakso Pak Gembut,4.2,100.0,halal,-1.3618949,110.0697148
kayong utara,RM Simpang,4.3,38.0,halal,-1.2054225,109.9699697
kayong utara,Bakso Melano,4.2,99.0,halal,-1.1094613,109.9625934
kayong utara,Rumah Makan Afong,4.3,16.0,halal,-1.3624165,110.0694778
kayong utara,Sarapan Pagi Mak Yang,4.7,23.0,halal,-1.245713,109.9512085
kayong utara,Belibelilamongan,4.1,38.0,halal,-1.2377784,109.950339
kayong utara,Rumah Makan Mak Yo,4.1,38.0,halal,-1.2277524,109.9546603
kayong utara,Bakso tetelan SARWO ECO,4.7,35.0,halal,-1.2395924,109.9612922
kayong utara,Bakso Waty,4.5,21.0,halal,-1.2459046,109.9511164
kayong utara,RM Podomoro Sukadana,4.1,37.0,halal,-1.2375819,109.949691
kayong utara,Warung Sate arya,4.0,25.0,halal,-1.1017251,109.9608007
kayong utara,Bakso Rare Sukadana,5.0,25.0,halal,-1.2404289,109.9493405
kayong utara,Martabak jhoni kayong utara,4.5,12.0,non-halal,-1.2402824,109.9493829
kayong utara,Lamongan Mas Bro Dan Martabak,4.0,12.0,non-halal,-1.2389908,109.9494162
kayong utara,Depot Sate Solo Mas Tri,4.5,19.0,halal,-1.2375557,109.9546286
